{
  "model": "bert-base",
  "checkpoint": "bert-base-uncased",
  "seed": 1000,
  "config": {
    "max_length": 128,
    "batch_size": 32,
    "learning_rate": 0.0001,
    "num_epochs": 4,
    "weight_decay": 0.01,
    "warmup_ratio": 0.1
  },
  "eval_split": "test",
  "metrics": {
    "accuracy": 0.94688995215311,
    "macro_f1": 0.9188181654984027,
    "precision_neg": 0.9685990338164251,
    "recall_neg": 0.9645219482862297,
    "f1_neg": 0.9665561916239831,
    "precision_pos": 0.8640552995391705,
    "recall_pos": 0.8782201405152225,
    "f1_pos": 0.8710801393728222,
    "pr_auc": 0.9233950957653596
  }
}