{
  "model": "bert-base",
  "checkpoint": "bert-base-uncased",
  "seed": 8675,
  "config": {
    "max_length": 128,
    "batch_size": 32,
    "learning_rate": 0.0001,
    "num_epochs": 4,
    "weight_decay": 0.01,
    "warmup_ratio": 0.1
  },
  "eval_split": "test",
  "metrics": {
    "accuracy": 0.9435406698564593,
    "macro_f1": 0.9137727280991401,
    "precision_neg": 0.9667673716012085,
    "recall_neg": 0.9621166566446182,
    "f1_neg": 0.9644364074743822,
    "precision_pos": 0.8551724137931035,
    "recall_pos": 0.8711943793911007,
    "f1_pos": 0.8631090487238979,
    "pr_auc": 0.9178397890177104
  }
}