{
  "model": "biobert",
  "checkpoint": "dmis-lab/biobert-base-cased-v1.2",
  "seed": 8675,
  "config": {
    "max_length": 128,
    "batch_size": 32,
    "learning_rate": 5e-05,
    "num_epochs": 4,
    "weight_decay": 0.01,
    "warmup_ratio": 0.1
  },
  "eval_split": "test",
  "metrics": {
    "accuracy": 0.9607655502392345,
    "macro_f1": 0.93976826703555,
    "precision_neg": 0.9759181216134859,
    "recall_neg": 0.9747444377630787,
    "f1_neg": 0.9753309265944645,
    "precision_pos": 0.9020979020979021,
    "recall_pos": 0.9063231850117096,
    "f1_pos": 0.9042056074766355,
    "pr_auc": 0.9425822032138548
  }
}