{
  "model": "biobert",
  "checkpoint": "dmis-lab/biobert-base-cased-v1.2",
  "seed": 31415,
  "config": {
    "max_length": 128,
    "batch_size": 32,
    "learning_rate": 5e-05,
    "num_epochs": 4,
    "weight_decay": 0.01,
    "warmup_ratio": 0.1
  },
  "eval_split": "test",
  "metrics": {
    "accuracy": 0.9593301435406698,
    "macro_f1": 0.9379404039236057,
    "precision_neg": 0.9770253929866989,
    "recall_neg": 0.9717378232110644,
    "f1_neg": 0.9743744347301778,
    "precision_pos": 0.8922018348623854,
    "recall_pos": 0.9110070257611241,
    "f1_pos": 0.9015063731170336,
    "pr_auc": 0.9484747200460528
  }
}